name,slide,label,description,found,iterations,plan_time_ms,segments,completed,path_length,forward_length,reverse_length,cusps,heading_change_deg,min_clearance,max_cost,mean_cost,end_pos_error,end_heading_error_deg,sim_time,track_err_smac_mean,track_err_smac_max,track_err_main_mean,track_err_main_max,traj_min_clearance,entry_pos_error,entry_heading_error_deg,final_pos_error,final_heading_error_deg
test01_obstacle_x0.1,3,T01 障礙物 x=0.1,障礙物 x=0.1（基準參數）,True,8632,128.7262,2,True,2.0696,0.3896,1.6800,1,147.0000,0.7060,0.0000,0.0000,0.0000,0.0000,34.8000,0.0119,0.0944,0.0056,0.1338,0.7044,0.1338,31.8410,0.0875,0.0000
test02_obstacle_x0.5,4,T02 障礙物 x=0.5,障礙物 x=0.5,True,7064,105.4138,2,True,2.0696,0.3896,1.6800,1,147.0000,0.3325,0.0000,0.0000,0.0000,0.0000,34.8000,0.0119,0.0944,0.0056,0.1338,0.3320,0.1338,31.8410,0.0875,0.0000
test03_obstacle_x0.9,5,T03 障礙物 x=0.9,障礙物 x=0.9,True,12934,204.1672,2,True,2.1065,0.2465,1.8600,1,243.0000,0.1618,2.6192,0.0708,0.0000,0.0000,34.6000,0.0107,0.0345,0.0073,0.1003,0.1521,0.1003,36.1277,0.0958,0.0000
test04_obstacle_x1.2,6,T04 障礙物 x=1.2,障礙物 x=1.2,True,19141,320.6941,2,True,2.5442,0.9842,1.5600,1,189.0000,0.0974,3.2810,0.0746,0.0000,0.0000,38.4000,0.0243,0.1432,0.0028,0.1308,0.0872,0.1308,4.7795,0.0907,0.0000
test05_obstacle_x1.5,7,T05 障礙物 x=1.5,障礙物 x=1.5,True,9310,141.6189,2,True,2.1922,0.7522,1.4400,1,147.0000,0.0921,3.2810,0.0863,0.0000,0.0000,35.8000,0.0246,0.1413,0.0041,0.1257,0.0673,0.1257,33.3624,0.0982,0.0000
test06_steering_penalty0.8,8,T06 steering 0.8,steering_penalty 0.1 → 0.8,True,11369,183.8132,2,True,1.9357,0.1357,1.8000,1,219.0000,0.1829,0.0000,0.0000,0.0000,0.0000,39.9000,0.0500,0.2608,0.0248,0.2001,0.1822,0.1341,160.9184,0.0881,0.0000
test07_steering_penalty2.0,9,T07 steering 2.0,steering_penalty 0.1 → 2.0,True,27109,477.6587,2,True,2.0084,0.0884,1.9200,1,219.0000,0.1829,0.0000,0.0000,0.0000,0.0000,33.9000,0.0102,0.0334,0.0106,0.1098,0.1822,0.1182,35.7050,0.0863,0.0000
test08_reverse_penalty2.0,10,T08 reverse 2.0,reverse_penalty 0.3 → 2.0,True,11827,187.9742,1,True,2.4110,2.4110,0.0000,0,333.0000,0.1613,0.0000,0.0000,0.0000,0.0000,37.0000,0.0141,0.0376,0.0033,0.1287,0.1560,0.1287,62.8684,0.0979,0.0000
test09_reverse_penalty10.0,11,T09 reverse 10.0,reverse_penalty 0.3 → 10.0,True,9779,144.7556,1,True,2.4110,2.4110,0.0000,0,333.0000,0.1613,0.0000,0.0000,0.0000,0.0000,37.0000,0.0141,0.0376,0.0033,0.1287,0.1560,0.1287,62.8684,0.0979,0.0000
test10_change_dir_penalty0.1,12,T10 change_dir 0.1,change_dir_penalty 0.8 → 0.1,True,9892,158.0055,4,True,2.5552,1.8352,0.7200,3,267.0000,0.1642,2.6192,0.0595,0.0000,0.0000,42.9000,0.0480,0.1943,0.0326,0.2614,0.1592,0.1268,179.3188,0.0953,0.0000
test11_change_dir0.1_goal_dist1.0,13,T11 change_dir 0.1 + 終點 1 m,change_dir_penalty 0.1 且終點距離容許 0.1 → 1.0 m,True,1086,12.1087,2,True,2.1286,1.8286,0.3000,1,141.0000,0.1891,0.0000,0.0000,0.0000,0.0000,35.1000,0.0290,0.1479,0.0051,0.1206,0.1984,0.1207,86.2414,0.0852,0.0000
