param,value,found,iterations,plan_time_ms,segments,completed,path_length,forward_length,reverse_length,cusps,heading_change_deg,min_clearance,max_cost,mean_cost,end_pos_error,end_heading_error_deg,sim_time,track_err_smac_mean,track_err_smac_max,track_err_main_mean,track_err_main_max,traj_min_clearance,entry_pos_error,entry_heading_error_deg,final_pos_error,final_heading_error_deg
reverse_penalty,0.0,True,11503,162.43105600005947,2,True,1.9790585978468955,0.23905859784689557,1.7400000000000002,1,242.99999999999986,0.1293632355663731,11.456585325920388,0.9618494027024331,0.0,0.0,36.800000000000004,0.030530329623010055,0.16210649130168212,0.03452625109208768,0.26220504113641363,0.12175807535623775,0.14709655535115293,109.22389994167135,0.09753522084481947,2.8230603352670174e-08
reverse_penalty,0.1,True,11634,172.5593020019005,2,True,2.0760784874376457,0.2760784874376455,1.8,1,261.0,0.1293632355663731,11.456585325920388,0.9084133247745202,0.0,0.0,34.7,0.012055363579436377,0.03233001756783534,0.008542616270596196,0.13798656252473207,0.12175807535623775,0.13798656252473207,11.661550777904983,0.0995549635823263,2.8055291178627904e-09
reverse_penalty,0.2,True,11860,160.618345002149,2,True,2.0148576498923263,0.27485764989232614,1.74,1,261.0,0.1618313807794252,2.6192310515432693,0.07483517290123627,0.0,0.0,34.5,0.019510650056550914,0.15094190775636565,0.003447955247709173,0.10304371713192434,0.15116161426624744,0.1399286460873338,55.669603065323486,0.08893413811894213,2.64673038372668e-10
reverse_penalty,0.3,True,12934,181.92549999730545,2,True,2.10652763865488,0.24652763865487953,1.86,1,242.99999999999974,0.1618313807794252,2.6192310515432693,0.07079002842008836,0.0,0.0,34.6,0.010737093826847642,0.03452827232667343,0.007284680627096737,0.10028208186468811,0.15211385330215535,0.10028208186468811,36.127714232709266,0.09584389637814628,1.0715415944037847e-09
reverse_penalty,0.5,True,19583,306.937786997878,2,True,2.06969671715451,0.14969671715450988,1.9200000000000004,1,242.99999999999986,0.20483819570749998,0.0,0.0,0.0,0.0,34.4,0.011828661246272272,0.034752483833968215,0.005455172999497257,0.05870592005252662,0.19726226463416022,0.02528464408759664,36.08261318946213,0.09263829111429622,3.0960028158114905e-09
reverse_penalty,0.8,False,30000,555.7484860000841,2,True,2.5799999999999996,2.34,0.2399999999999998,1,264.00000000000006,0.1911708378561219,0.0,0.0,0.028759484476666524,2.9999999999999916,35.800000000000004,0.013717707161735272,0.037570547447279855,0.0027051151802976493,0.06782257201319652,0.19114895725662043,0.17112648352916862,31.138161642118217,0.09768012317771024,1.057827042617314e-09
reverse_penalty,1.0,False,30000,552.0409109994944,2,True,2.5799999999999996,2.34,0.2399999999999998,1,264.00000000000006,0.1911708378561219,0.0,0.0,0.028759484476666524,2.9999999999999916,35.800000000000004,0.013717707161735272,0.037570547447279855,0.0027051151802976493,0.06782257201319652,0.19114895725662043,0.17112648352916862,31.138161642118217,0.09768012317771024,1.057827042617314e-09
reverse_penalty,1.5,False,30000,550.3018089984835,2,True,2.5799999999999996,2.34,0.24,1,264.00000000000006,0.1911708378561219,0.0,0.0,0.021590719711392273,2.9999999999999916,36.1,0.01337426686740559,0.037570547447279855,0.0018910268230508866,0.057269436056244405,0.19114895725662043,0.15581882115990053,31.387674354726776,0.09354399136868707,1.9317416913336815e-10
reverse_penalty,2.0,True,11827,180.43167799987714,1,True,2.4110295879695487,2.4110295879695487,0.0,0,333.00000000000006,0.16132197811974072,0.0,0.0,0.0,0.0,37.0,0.014148759576578455,0.037570547447279855,0.003282956473910998,0.12872446457371053,0.156005574888653,0.12872446457371053,62.86844624974096,0.0978978460107145,2.7999058971859633e-10
reverse_penalty,3.0,True,11032,156.2204340007156,1,True,2.4110295879695487,2.4110295879695487,0.0,0,333.00000000000006,0.16132197811974072,0.0,0.0,0.0,0.0,37.0,0.014148759576578455,0.037570547447279855,0.003282956473910998,0.12872446457371053,0.156005574888653,0.12872446457371053,62.86844624974096,0.0978978460107145,2.7999058971859633e-10
reverse_penalty,5.0,True,10245,146.82392399845412,1,True,2.4110295879695487,2.4110295879695487,0.0,0,333.00000000000006,0.16132197811974072,0.0,0.0,0.0,0.0,37.0,0.014148759576578455,0.037570547447279855,0.003282956473910998,0.12872446457371053,0.156005574888653,0.12872446457371053,62.86844624974096,0.0978978460107145,2.7999058971859633e-10
reverse_penalty,10.0,True,9779,130.20951699945726,1,True,2.4110295879695487,2.4110295879695487,0.0,0,333.00000000000006,0.16132197811974072,0.0,0.0,0.0,0.0,37.0,0.014148759576578455,0.037570547447279855,0.003282956473910998,0.12872446457371053,0.156005574888653,0.12872446457371053,62.86844624974096,0.0978978460107145,2.7999058971859633e-10
steering_penalty,0.0,True,14300,202.188618000946,2,True,1.8802282613866987,0.14022826138669858,1.7400000000000002,1,266.99999999999966,0.15794511630308075,5.283631246647813,0.23948067570276008,0.0,0.0,34.0,0.00927210764846327,0.026508683209537042,0.020945478217405642,0.19377646869515802,0.15805059338129449,0.13020136512385075,56.52913723733815,0.09655441497945105,4.762537135586018e-09
steering_penalty,0.05,True,13220,201.79995700164,2,True,1.8564608406952003,0.11646084069520009,1.7400000000000002,1,242.99999999999974,0.1618313807794252,2.6192310515432693,0.08185097036072717,0.0,0.0,33.9,0.00922587861214528,0.027590747747365443,0.02113250267410182,0.19521601429960644,0.15211385330215535,0.12363245291636636,57.04685825055764,0.09051348797119729,3.587920125065364e-09
steering_penalty,0.1,True,12934,189.27905300006387,2,True,2.10652763865488,0.24652763865487953,1.86,1,242.99999999999974,0.1618313807794252,2.6192310515432693,0.07079002842008836,0.0,0.0,34.6,0.010737093826847642,0.03452827232667343,0.007284680627096737,0.10028208186468811,0.15211385330215535,0.10028208186468811,36.127714232709266,0.09584389637814628,1.0715415944037847e-09
steering_penalty,0.2,True,11743,167.4098689982202,2,True,1.929707010870515,0.18970701087051478,1.7400000000000007,1,218.9999999999998,0.17294643472410046,0.0,0.0,0.0,0.0,34.0,0.01037688428360057,0.031857055562718006,0.019672566254812927,0.18934172396273485,0.16311708694266328,0.14989541682414434,46.39895571638061,0.09235734165807763,4.8605999975249014e-09
steering_penalty,0.4,True,10378,138.71490500241634,2,True,2.0180545830656795,0.2780545830656795,1.74,1,218.99999999999983,0.15125848516722853,3.281005510442714,0.16857818748531378,0.0,0.0,34.4,0.015276107980985547,0.11051536502786835,0.006565815655167883,0.1294268109757416,0.14016103443141417,0.1399721093396999,39.91256642210376,0.09763378715860327,2.0846373159809958e-09
steering_penalty,0.6,True,10774,143.17630699952133,2,True,1.94418165854143,0.08418165854142998,1.86,1,218.99999999999983,0.18286593579915913,0.0,0.0,0.0,0.0,33.800000000000004,0.010719639254275996,0.03597063570265094,0.011481836627063435,0.11750036370239775,0.18219934586396816,0.09471651927436084,36.69613690020643,0.08794596113487518,8.708104273472592e-09
steering_penalty,0.8,True,11369,158.192388000316,2,True,1.9356675747921108,0.1356675747921109,1.8,1,218.99999999999983,0.18286593579915913,0.0,0.0,0.0,0.0,39.900000000000006,0.04997489390792689,0.2608132004403523,0.02484814113956664,0.2001050134139748,0.18219934586396816,0.13413051988822983,160.91840464924664,0.0881378254858074,1.2051248910252523e-08
steering_penalty,1.2,True,15548,256.48526300210506,2,True,1.93632361472056,0.13632361472056026,1.8,1,218.99999999999983,0.16875949021111483,2.6192310515432693,0.07703620739833145,0.0,0.0,33.800000000000004,0.011006003828362136,0.034530639218702336,0.0152345326319446,0.15638888942633444,0.1638482739635914,0.12184592349997657,36.8321571581041,0.08991038684539543,1.0894112228261192e-08
steering_penalty,1.6,True,19939,345.14209299959475,2,True,1.93632361472056,0.13632361472056026,1.8,1,218.99999999999983,0.16875949021111483,2.6192310515432693,0.07703620739833145,0.0,0.0,33.800000000000004,0.011006003828362136,0.034530639218702336,0.0152345326319446,0.15638888942633444,0.1638482739635914,0.12184592349997657,36.8321571581041,0.08991038684539543,1.0894112228261192e-08
steering_penalty,2.0,True,27109,487.969454999984,2,True,2.0083926266850023,0.08839262668500235,1.9200000000000002,1,218.9999999999998,0.18286593579915913,0.0,0.0,0.0,0.0,33.9,0.010186236143003777,0.03338025008327907,0.010643226307103959,0.10979648950970033,0.18219934586396816,0.11819906665726848,35.70499386768689,0.0862771723564606,6.660946613857962e-09
steering_penalty,3.0,False,30000,540.2465500010294,1,True,2.1000000000000005,0.0,2.1000000000000005,0,215.99999999999994,0.17286938033945012,0.0,0.0,0.009990424757191092,2.99999999999989,34.4,0.013682807551376425,0.0369852172031398,0.005773483124375883,0.06711974995435976,0.18113261224294067,0.16330894550722866,15.84087412860189,0.0986247428483793,9.832621186650833e-09
change_dir_penalty,0.0,True,5875,84.48227199914982,4,True,2.5697788398269994,1.9097788398269997,0.6599999999999997,3,243.00000000000006,0.18756389239706897,0.0,0.0,0.0,0.0,36.7,0.03792988010065167,0.16686280617237065,0.019618845611839554,0.19321295888002998,0.18800294920113572,0.16026312071764373,38.51731811311986,0.09634261339212813,7.0887693851709825e-09
change_dir_penalty,0.05,True,8239,106.08864000096219,4,True,2.559243504630009,1.9592435046300087,0.6,3,261.00000000000006,0.17657210731097842,0.0,0.0,0.0,0.0,41.900000000000006,0.03137952997247787,0.1502580108245039,0.026930552619664035,0.17725894944819426,0.1717051856365354,0.13929011564549063,175.12036921716526,0.09490693542969897,9.386961864684165e-09
change_dir_penalty,0.1,True,9892,148.21409799696994,4,True,2.55516624554131,1.8351662455413105,0.7200000000000001,3,267.0,0.16417480862301573,2.6192310515432693,0.059527978444165214,0.0,0.0,42.900000000000006,0.04804002736926544,0.19429697037616772,0.032626763836914464,0.2614490296318629,0.1591924949181507,0.12679545496435232,179.3187708495858,0.09527436937915912,4.030704225599989e-09
change_dir_penalty,0.2,True,11411,178.72916199848987,3,True,2.792053182876577,2.552053182876577,0.23999999999999988,2,261.0,0.1911708378561219,0.0,0.0,0.0,0.0,37.6,0.010866571626474957,0.037570547447279855,0.010669109374557709,0.10513264975177994,0.19114895725662043,0.05377405870734972,53.22098912861172,0.09245701461066957,7.488526941974769e-09
change_dir_penalty,0.4,True,15426,241.6515110016917,2,True,1.8253074072903825,0.1453074072903823,1.6800000000000004,1,242.99999999999974,0.1618313807794252,2.6192310515432693,0.08185097036072717,0.0,0.0,44.0,0.050251057244889395,0.26265669118589013,0.060532862095752746,0.40842736135319463,0.15116161426624744,0.13678987896675726,152.7264499439068,0.08857022160356554,3.366299074860986e-10
change_dir_penalty,0.6,True,13956,212.55785600078525,2,True,2.018609939238853,0.218609939238853,1.8000000000000003,1,242.99999999999974,0.1618313807794252,2.6192310515432693,0.07483517290123627,0.0,0.0,34.6,0.010073741020145676,0.030939075880298227,0.012396857922836001,0.12877437627792837,0.15116161426624744,0.12877437627792837,46.038495209416816,0.08522266461726957,1.3104394176378724e-09
change_dir_penalty,0.8,True,12934,180.83122100142646,2,True,2.10652763865488,0.24652763865487953,1.86,1,242.99999999999974,0.1618313807794252,2.6192310515432693,0.07079002842008836,0.0,0.0,34.6,0.010737093826847642,0.03452827232667343,0.007284680627096737,0.10028208186468811,0.15211385330215535,0.10028208186468811,36.127714232709266,0.09584389637814628,1.0715415944037847e-09
change_dir_penalty,1.2,True,11732,158.28126700216671,2,True,1.9475702814118667,0.20757028141186695,1.74,1,242.99999999999974,0.17040376838911866,2.6192310515432693,0.07703620739833145,0.0,0.0,39.900000000000006,0.04408006092726424,0.23781553419211446,0.02790764263870891,0.21177112219058825,0.1650769015607613,0.13900296805319773,175.23660201861352,0.08668871887078566,5.723675315886841e-09
change_dir_penalty,1.6,True,13589,187.56215800021891,1,True,2.4110295879695487,2.4110295879695487,0.0,0,333.00000000000006,0.16132197811974072,0.0,0.0,0.0,0.0,37.0,0.014148759576578455,0.037570547447279855,0.003282956473910998,0.12872446457371053,0.156005574888653,0.12872446457371053,62.86844624974096,0.0978978460107145,2.7999058971859633e-10
change_dir_penalty,2.0,True,13336,184.5495880006638,1,True,2.4110295879695487,2.4110295879695487,0.0,0,333.00000000000006,0.16132197811974072,0.0,0.0,0.0,0.0,37.0,0.014148759576578455,0.037570547447279855,0.003282956473910998,0.12872446457371053,0.156005574888653,0.12872446457371053,62.86844624974096,0.0978978460107145,2.7999058971859633e-10
x,0.0,True,8873,117.69734100016649,2,True,2.0696466127980218,0.38964661279802226,1.6800000000000002,1,147.00000000000003,0.799261293024379,0.0,0.0,0.0,0.0,34.800000000000004,0.011940257925356152,0.09436106492822913,0.005581852155259353,0.1338009124577148,0.7973663048732615,0.1338009124577148,31.840951611189713,0.08752639331133061,6.787049245868627e-10
x,0.1,True,8632,113.67915799928596,2,True,2.0696466127980218,0.38964661279802226,1.6800000000000002,1,147.00000000000003,0.7059856432051681,0.0,0.0,0.0,0.0,34.800000000000004,0.011940257925356152,0.09436106492822913,0.005581852155259353,0.1338009124577148,0.7044265477732503,0.1338009124577148,31.840951611189713,0.08752639331133061,6.787049245868627e-10
x,0.2,True,8323,110.59968800327624,2,True,2.0696466127980218,0.38964661279802226,1.6800000000000002,1,147.00000000000003,0.612710791478807,0.0,0.0,0.0,0.0,34.800000000000004,0.011940257925356152,0.09436106492822913,0.005581852155259353,0.1338009124577148,0.6113967160020042,0.1338009124577148,31.840951611189713,0.08752639331133061,6.787049245868627e-10
x,0.3,True,8029,109.56770900156698,2,True,2.0696466127980218,0.38964661279802226,1.6800000000000002,1,147.00000000000003,0.5191676637799176,0.0,0.0,0.0,0.0,34.800000000000004,0.011940257925356152,0.09436106492822913,0.005581852155259353,0.1338009124577148,0.518323416790957,0.1338009124577148,31.840951611189713,0.08752639331133061,6.787049245868627e-10
x,0.4,True,7597,109.410425000533,2,True,2.0696466127980218,0.38964661279802226,1.6800000000000002,1,147.00000000000003,0.4262738278794791,0.0,0.0,0.0,0.0,34.800000000000004,0.011940257925356152,0.09436106492822913,0.005581852155259353,0.1338009124577148,0.4251455939150377,0.1338009124577148,31.840951611189713,0.08752639331133061,6.787049245868627e-10
x,0.5,True,7064,79.39508799972828,2,True,2.0696466127980218,0.38964661279802226,1.6800000000000002,1,147.00000000000003,0.3324802130935578,0.0,0.0,0.0,0.0,34.800000000000004,0.011940257925356152,0.09436106492822913,0.005581852155259353,0.1338009124577148,0.3319752897169608,0.1338009124577148,31.840951611189713,0.08752639331133061,6.787049245868627e-10
x,0.6,True,6403,85.46059299987974,2,True,2.0696466127980218,0.38964661279802226,1.6800000000000002,1,147.00000000000003,0.23929410430979361,0.0,0.0,0.0,0.0,34.800000000000004,0.011940257925356152,0.09436106492822913,0.005581852155259353,0.1338009124577148,0.2387101582341226,0.1338009124577148,31.840951611189713,0.08752639331133061,6.787049245868627e-10
x,0.7,True,6312,86.66918000017176,2,True,2.042375578207334,0.36237557820733446,1.6799999999999995,1,170.99999999999997,0.17107914055616893,3.2810055104426805,0.09113904195674112,0.0,0.0,34.6,0.012410431623338871,0.09356895871508224,0.0060989921049190605,0.12902546800538767,0.16937321447542156,0.12902546800538767,33.92973082320684,0.08887313612563386,1.414201833565938e-09
x,0.8,True,9887,141.0648270029924,2,True,2.074312010032222,0.33431201003222266,1.74,1,194.99999999999991,0.1585118506493053,3.281005510442747,0.09113904195674298,0.0,0.0,34.800000000000004,0.012221180120860443,0.04980400734956086,0.006688547383187354,0.1347540880361915,0.1528287352409338,0.1347540880361915,20.24769689103719,0.09168209449297393,7.940954484303592e-10
x,0.9,True,12934,191.19175900050323,2,True,2.10652763865488,0.24652763865487953,1.86,1,242.99999999999974,0.1618313807794252,2.6192310515432693,0.07079002842008836,0.0,0.0,34.6,0.010737093826847642,0.03452827232667343,0.007284680627096737,0.10028208186468811,0.15211385330215535,0.10028208186468811,36.127714232709266,0.09584389637814628,1.0715415944037847e-09
x,1.0,True,17094,260.520521998842,2,True,1.9234085771800093,0.12340857718000868,1.8000000000000007,1,242.99999999999986,0.16638314728610618,0.0,0.0,0.0,0.0,33.9,0.012274617129873796,0.029489748221777155,0.022921880697496535,0.21091681947734903,0.16118957983145557,0.15623141144522676,48.64036438496,0.09529948001268362,5.86888672042374e-09
x,1.1,False,30000,545.560562000901,2,True,2.58,2.2800000000000002,0.2999999999999999,1,288.0,0.1657346664439905,4.440892098500626e-14,1.0092936587501424e-15,0.028701292514833665,2.9999999999999916,38.400000000000006,0.018124623792528653,0.14630588161538283,0.018775672998226696,0.19100460569079825,0.15635840533106574,0.1642917515065862,33.57471232019227,0.08577472574708178,4.931640866890071e-09
x,1.2,True,19141,310.9091329970397,2,True,2.5442474143771796,0.98424741437718,1.56,1,189.00000000000014,0.09741726984789692,3.2810055104428137,0.0745683070555195,0.0,0.0,38.400000000000006,0.024311274125071294,0.14323871657722612,0.0027578090496754425,0.130814356133903,0.08720724760638546,0.130814356133903,4.779509581131181,0.09071022799843398,2.0355549961366507e-13
x,1.3,True,14555,216.17994900225312,2,True,2.465158361000997,0.9651583610009974,1.4999999999999998,1,147.00000000000009,0.10830950571274647,1.1102230246251565e-14,2.581914010756178e-16,0.0,0.0,37.7,0.019975798801577002,0.12694644895335833,0.0033420147945114184,0.1232214191456511,0.09608507584176854,0.1232214191456511,17.416678972043492,0.09257997889278169,1.8900128139128802e-10
x,1.4,True,10710,154.26773500075797,2,True,2.3759520893345956,0.935952089334596,1.4399999999999997,1,123.00000000000003,0.0891801295296685,3.2810055104428137,0.08002452464494803,0.0,0.0,36.7,0.02284639939552397,0.14573920237447374,0.00443998478817,0.12695998723842028,0.0768822544065588,0.12695998723842028,26.895093729674503,0.09855581797115232,5.94382058871902e-10
x,1.5,True,9310,128.49373599965475,2,True,2.1921962213213972,0.7521962213213977,1.4399999999999995,1,146.99999999999997,0.0921263929790426,3.281005510442747,0.08634225027481031,0.0,0.0,35.800000000000004,0.024573010329901796,0.14132435364122903,0.00406110920445768,0.1257494934844492,0.0673353713305109,0.1257494934844492,33.36242496132342,0.0982199976175897,3.7772267397060727e-10
x,1.6,True,9122,125.62798300132272,2,True,2.075136372154123,0.6951363721541239,1.38,1,165.00000000000006,0.1018983704443284,0.0,0.0,0.0,0.0,35.300000000000004,0.028470209004126043,0.15807067692341709,0.004582855053940181,0.13317002098811692,0.05100280134986193,0.13317002098811692,42.36694061533372,0.0980537939773507,4.1118210921960344e-10
x,1.7,True,8616,119.7958650009241,2,True,2.127740207916441,0.6277402079164408,1.5,1,171.0,0.09338649943503688,3.2810055104428137,0.08867582460656373,0.0,0.0,35.0,0.022179980577031747,0.12448947615957102,0.004900845635705178,0.13362671258069497,0.09659829065437389,0.13362671258069497,46.4154414874542,0.08887011025562064,6.319380485506232e-10
x,1.8,True,8137,114.51441499957582,2,True,2.1146101224162925,0.4946101224162924,1.62,1,147.00000000000003,0.10470418072369872,0.0,0.0,0.0,0.0,34.800000000000004,0.0149171488348318,0.09435874359812235,0.004668612462278512,0.1279900127470096,0.10652075362504568,0.1279900127470096,44.348125059661996,0.09788057612175116,4.622490951851817e-10
